--
-- Script was generated by Devart dbForge Studio for MySQL, Version 8.0.40.0
-- Product home page: http://www.devart.com/dbforge/mysql/studio
-- Script date 2018/12/12 15:02:24
-- Server version: 8.0.13
-- Client version: 4.1
--

-- 
-- Disable foreign keys
-- 
/*!40014 SET @OLD_FOREIGN_KEY_CHECKS=@@FOREIGN_KEY_CHECKS, FOREIGN_KEY_CHECKS=0 */;

-- 
-- Set SQL mode
-- 
/*!40101 SET @OLD_SQL_MODE=@@SQL_MODE, SQL_MODE='NO_AUTO_VALUE_ON_ZERO' */;

-- 
-- Set character set the client will use to send SQL statements to the server
--
SET NAMES 'utf8mb4';

--
-- Set default database
--
USE spring_ant_basic;

--
-- Drop function `uuid_from_bin`
--
DROP FUNCTION IF EXISTS uuid_from_bin;

--
-- Drop table `param_authority_type`
--
DROP TABLE IF EXISTS param_authority_type;

--
-- Drop table `pm_authority`
--
DROP TABLE IF EXISTS pm_authority;

--
-- Drop table `pm_department`
--
DROP TABLE IF EXISTS pm_department;

--
-- Drop table `pm_role`
--
DROP TABLE IF EXISTS pm_role;

--
-- Drop table `pm_role_and_authority`
--
DROP TABLE IF EXISTS pm_role_and_authority;

--
-- Drop table `pm_user`
--
DROP TABLE IF EXISTS pm_user;

--
-- Drop table `pm_user_and_role`
--
DROP TABLE IF EXISTS pm_user_and_role;

--
-- Set default database
--
USE spring_ant_basic;

--
-- Create table `pm_user_and_role`
--
CREATE TABLE pm_user_and_role (
  user_id char(36) CHARACTER SET utf8mb4 COLLATE utf8mb4_general_ci NOT NULL,
  role_id char(36) CHARACTER SET utf8mb4 COLLATE utf8mb4_general_ci NOT NULL,
  PRIMARY KEY (user_id, role_id)
)
ENGINE = INNODB,
AVG_ROW_LENGTH = 1365,
CHARACTER SET utf8,
COLLATE utf8_general_ci;

--
-- Create table `pm_user`
--
CREATE TABLE pm_user (
  id char(36) NOT NULL COMMENT 'ID',
  create_time datetime NOT NULL,
  update_time datetime NOT NULL,
  row_version timestamp NULL DEFAULT CURRENT_TIMESTAMP ON UPDATE CURRENT_TIMESTAMP,
  login_name varchar(200) NOT NULL COMMENT '登录名',
  password varchar(200) NOT NULL COMMENT '密码',
  nick_name varchar(200) DEFAULT NULL COMMENT '昵称',
  main_department_id char(36) DEFAULT NULL COMMENT '主部门ID',
  sex_id int(11) DEFAULT NULL COMMENT '性别',
  is_enabled tinyint(1) NOT NULL DEFAULT 1 COMMENT '是否启用',
  PRIMARY KEY (id)
)
ENGINE = INNODB,
AVG_ROW_LENGTH = 963,
CHARACTER SET utf8mb4,
COLLATE utf8mb4_general_ci,
COMMENT = '用户表';

--
-- Create table `pm_role_and_authority`
--
CREATE TABLE pm_role_and_authority (
  role_id char(36) CHARACTER SET utf8mb4 COLLATE utf8mb4_general_ci NOT NULL,
  authority_id char(36) CHARACTER SET utf8mb4 COLLATE utf8mb4_general_ci NOT NULL,
  PRIMARY KEY (role_id, authority_id)
)
ENGINE = INNODB,
AVG_ROW_LENGTH = 356,
CHARACTER SET utf8,
COLLATE utf8_general_ci;

--
-- Create table `pm_role`
--
CREATE TABLE pm_role (
  id char(36) CHARACTER SET utf8mb4 COLLATE utf8mb4_general_ci NOT NULL,
  create_time datetime NOT NULL,
  update_time datetime NOT NULL,
  row_version timestamp NULL DEFAULT CURRENT_TIMESTAMP ON UPDATE CURRENT_TIMESTAMP,
  description varchar(200) CHARACTER SET utf8mb4 COLLATE utf8mb4_general_ci DEFAULT NULL COMMENT '描述',
  name varchar(200) CHARACTER SET utf8mb4 COLLATE utf8mb4_general_ci NOT NULL,
  summary varchar(200) CHARACTER SET utf8mb4 COLLATE utf8mb4_general_ci DEFAULT NULL COMMENT '备注',
  parent_id char(36) NOT NULL COMMENT '父ID',
  full_path varchar(200) CHARACTER SET utf8mb4 COLLATE utf8mb4_general_ci DEFAULT NULL COMMENT '全路径',
  order_code varchar(200) CHARACTER SET utf8mb4 COLLATE utf8mb4_general_ci DEFAULT NULL COMMENT '顺序',
  PRIMARY KEY (id)
)
ENGINE = INNODB,
AVG_ROW_LENGTH = 16384,
CHARACTER SET utf8,
COLLATE utf8_general_ci;

--
-- Create table `pm_department`
--
CREATE TABLE pm_department (
  id char(36) NOT NULL,
  row_vesion timestamp NULL DEFAULT CURRENT_TIMESTAMP ON UPDATE CURRENT_TIMESTAMP,
  create_time datetime NOT NULL,
  update_time datetime NOT NULL,
  name varchar(200) NOT NULL,
  description varchar(200) DEFAULT NULL,
  summary varchar(200) DEFAULT NULL,
  full_path varchar(500) DEFAULT NULL,
  parent_id char(36) NOT NULL,
  order_code varchar(200) DEFAULT NULL,
  PRIMARY KEY (id)
)
ENGINE = INNODB,
AVG_ROW_LENGTH = 4096,
CHARACTER SET utf8mb4,
COLLATE utf8mb4_general_ci;

--
-- Create table `pm_authority`
--
CREATE TABLE pm_authority (
  id char(36) CHARACTER SET utf8mb4 COLLATE utf8mb4_general_ci NOT NULL,
  create_time datetime NOT NULL,
  update_time datetime NOT NULL,
  row_version timestamp NULL DEFAULT CURRENT_TIMESTAMP ON UPDATE CURRENT_TIMESTAMP,
  name varchar(50) CHARACTER SET utf8mb4 COLLATE utf8mb4_general_ci NOT NULL,
  description varchar(200) CHARACTER SET utf8mb4 COLLATE utf8mb4_general_ci DEFAULT NULL,
  summary varchar(200) CHARACTER SET utf8mb4 COLLATE utf8mb4_general_ci DEFAULT NULL,
  order_code varchar(50) CHARACTER SET utf8mb4 COLLATE utf8mb4_general_ci DEFAULT NULL,
  virtual_url varchar(200) CHARACTER SET utf8mb4 COLLATE utf8mb4_general_ci DEFAULT NULL,
  parent_id char(36) NOT NULL,
  type int(11) DEFAULT NULL,
  is_del tinyint(1) NOT NULL DEFAULT 0,
  full_path varchar(200) CHARACTER SET utf8mb4 COLLATE utf8mb4_general_ci DEFAULT NULL,
  PRIMARY KEY (id)
)
ENGINE = INNODB,
AVG_ROW_LENGTH = 16384,
CHARACTER SET utf8,
COLLATE utf8_general_ci;

--
-- Create table `param_authority_type`
--
CREATE TABLE param_authority_type (
  id int(11) NOT NULL AUTO_INCREMENT COMMENT 'ID',
  name varchar(255) NOT NULL COMMENT '名称',
  ordernum int(11) DEFAULT NULL COMMENT '排序',
  code varchar(255) DEFAULT NULL COMMENT '代码',
  is_url tinyint(1) DEFAULT 0,
  PRIMARY KEY (id)
)
ENGINE = INNODB,
AUTO_INCREMENT = 4,
AVG_ROW_LENGTH = 5461,
CHARACTER SET utf8mb4,
COLLATE utf8mb4_general_ci,
COMMENT = '权限类型';

DELIMITER $$

--
-- Create function `uuid_from_bin`
--
CREATE DEFINER = 'tiantianquan'@'%'
FUNCTION uuid_from_bin (b binary(16))
RETURNS char(36) CHARSET utf8
DETERMINISTIC
BEGIN
  DECLARE hex char(32);
  SET hex = HEX(b);
  RETURN CONCAT(LEFT(hex, 8), '-', MID(hex, 9, 4), '-', MID(hex, 13, 4), '-', MID(hex, 17, 4), '-', RIGHT(hex, 12));
END
$$

DELIMITER ;

-- 
-- Dumping data for table pm_user_and_role
--
INSERT INTO pm_user_and_role VALUES
('3a6edf26-9f5d-49a0-a4d7-f4bce310df03', '18a7a854-46ca-4932-bbcc-0164df18356e'),
('4c0c333e-9fe8-42e5-9fbf-9978ba19cfd4', '4827e3c6-a056-4ae0-92d4-64ec23947190'),
('6d0f43e8-5d18-4355-b145-5e1db965bb56', '1347b3fd-b20a-477e-97a3-0773dc406261'),
('6d0f43e8-5d18-4355-b145-5e1db965bb56', '19f6ad84-cc08-437b-9fcf-c3309a2247a3'),
('6d0f43e8-5d18-4355-b145-5e1db965bb56', 'a9cc4f9b-0c1d-46d1-82ea-b901fb1102a6'),
('6d0f43e8-5d18-4355-b145-5e1db965bb56', 'b7f01419-b735-4272-9a1c-fe0f5c64212f'),
('6d0f43e8-5d18-4355-b145-5e1db965bb56', 'c88d1081-db7f-11e8-a0f1-00ffabeb1abf'),
('8f633b7d-ea20-4299-8b98-47f0ec5ad2d3', '4827e3c6-a056-4ae0-92d4-64ec23947190'),
('a1404d8f-590b-40c2-9d11-171d7a3b24a0', '1347b3fd-b20a-477e-97a3-0773dc406261'),
('a1404d8f-590b-40c2-9d11-171d7a3b24a0', '19f6ad84-cc08-437b-9fcf-c3309a2247a3'),
('a1404d8f-590b-40c2-9d11-171d7a3b24a0', 'a9cc4f9b-0c1d-46d1-82ea-b901fb1102a6'),
('a1404d8f-590b-40c2-9d11-171d7a3b24a0', 'b7f01419-b735-4272-9a1c-fe0f5c64212f'),
('a1404d8f-590b-40c2-9d11-171d7a3b24a0', 'c88d1081-db7f-11e8-a0f1-00ffabeb1abf');

-- 
-- Dumping data for table pm_user
--
INSERT INTO pm_user VALUES
('3a6edf26-9f5d-49a0-a4d7-f4bce310df03', '2018-11-12 13:17:17', '2018-11-12 13:17:17', '2018-11-12 13:17:17', 'administrator', '000000', 'administrator', '8578295b-d976-11e8-b488-00ffabeb1abf', 0, 1);

-- 
-- Dumping data for table pm_role_and_authority
--
INSERT INTO pm_role_and_authority VALUES
('18a7a854-46ca-4932-bbcc-0164df18356e', '017ac6f3-9774-48ea-97ea-4f0f46226fa0'),
('18a7a854-46ca-4932-bbcc-0164df18356e', '09730be0-9151-4560-a917-62631258d9e1'),
('18a7a854-46ca-4932-bbcc-0164df18356e', '0f52fa54-2074-489b-b013-91af6e26accc'),
('18a7a854-46ca-4932-bbcc-0164df18356e', '17132b3e-4191-48ca-9577-b88d5519a0b0'),
('18a7a854-46ca-4932-bbcc-0164df18356e', '1cd6f8b0-2342-4e04-8918-f9c0c1191ecf'),
('18a7a854-46ca-4932-bbcc-0164df18356e', '29e0587e-5c9b-4099-b7ca-10388ca03d74'),
('18a7a854-46ca-4932-bbcc-0164df18356e', '3a01625a-67c8-4b6a-880c-a5e678226063'),
('18a7a854-46ca-4932-bbcc-0164df18356e', '3dd567d8-e001-461c-9698-34ef62c74274'),
('18a7a854-46ca-4932-bbcc-0164df18356e', '46d6bc7e-cdd5-4c06-a6e7-f78a70fd5034'),
('18a7a854-46ca-4932-bbcc-0164df18356e', '4bd723c6-756e-4003-9f5b-4164934f73b0'),
('18a7a854-46ca-4932-bbcc-0164df18356e', '4fc02907-ce16-431a-8130-9bddee439073'),
('18a7a854-46ca-4932-bbcc-0164df18356e', '5297fa36-0af7-4904-9db9-84de48984599'),
('18a7a854-46ca-4932-bbcc-0164df18356e', '52fa328f-7eb2-4c82-821e-9edb244f4b70'),
('18a7a854-46ca-4932-bbcc-0164df18356e', '5641f95b-45c1-43e8-aeea-4264a06998f9'),
('18a7a854-46ca-4932-bbcc-0164df18356e', '5756509c-01f5-4ea5-aae5-89313cb5f96b'),
('18a7a854-46ca-4932-bbcc-0164df18356e', '5af6f893-2327-4743-8a3a-920778ddde3b'),
('18a7a854-46ca-4932-bbcc-0164df18356e', '5d7e3376-c22b-418a-b796-f2ffa4771ab4'),
('18a7a854-46ca-4932-bbcc-0164df18356e', '5e42dc08-eefd-482d-8696-dfb2091679e5'),
('18a7a854-46ca-4932-bbcc-0164df18356e', '610591f5-1d10-4a49-9066-056cc91c060f'),
('18a7a854-46ca-4932-bbcc-0164df18356e', '643460eb-db83-11e8-a0f1-00ffabeb1abf'),
('18a7a854-46ca-4932-bbcc-0164df18356e', '65421d90-d57a-4770-9cfd-c08b3d09c9ed'),
('18a7a854-46ca-4932-bbcc-0164df18356e', '68dba0d5-c3a0-4b67-8385-df37c73f1ad6'),
('18a7a854-46ca-4932-bbcc-0164df18356e', '6a9e91c8-7a2c-4385-b3d1-0e8404a295f1'),
('18a7a854-46ca-4932-bbcc-0164df18356e', '6abc9ef3-aeab-41ea-afd0-80502186cbc3'),
('18a7a854-46ca-4932-bbcc-0164df18356e', '7de7fdc3-53af-457f-91e2-adfdb7820e3c'),
('18a7a854-46ca-4932-bbcc-0164df18356e', '813b6465-b668-4f2f-a3c9-db23b6c64499'),
('18a7a854-46ca-4932-bbcc-0164df18356e', '82ef8fae-598b-4a15-9dbb-c9c217d09207'),
('18a7a854-46ca-4932-bbcc-0164df18356e', '8322a9d8-3476-4234-9bba-2f9e9b0c53de'),
('18a7a854-46ca-4932-bbcc-0164df18356e', '8393271f-8f9b-4952-b484-2c4a4c36e571'),
('18a7a854-46ca-4932-bbcc-0164df18356e', '8a759fae-157e-47a5-9966-97b3aef8538e'),
('18a7a854-46ca-4932-bbcc-0164df18356e', '8cf80e66-2d01-4d0d-9e1e-08aa403f5bfc'),
('18a7a854-46ca-4932-bbcc-0164df18356e', '8db92033-cb5c-4220-8372-dceb16f49894'),
('18a7a854-46ca-4932-bbcc-0164df18356e', '8ff89a81-f9cc-4bea-b07e-c1667fcdd65b'),
('18a7a854-46ca-4932-bbcc-0164df18356e', '9ebb3125-d565-4bde-812e-1ebdba6c25cd'),
('18a7a854-46ca-4932-bbcc-0164df18356e', 'aeb9f5a2-c47b-4326-a0b0-c4b203668320'),
('18a7a854-46ca-4932-bbcc-0164df18356e', 'b26f1963-666e-47f8-9030-254916341ff3'),
('18a7a854-46ca-4932-bbcc-0164df18356e', 'b918509c-ee8f-406e-8666-d33fef14400a'),
('18a7a854-46ca-4932-bbcc-0164df18356e', 'bc2398b1-244d-4fe0-8e34-c3be7e387c2f'),
('18a7a854-46ca-4932-bbcc-0164df18356e', 'c71e60a2-930b-4057-a9f7-d697fdf7bc21'),
('18a7a854-46ca-4932-bbcc-0164df18356e', 'c997124e-a32d-43ff-b2ad-e2ae5d1ba324'),
('18a7a854-46ca-4932-bbcc-0164df18356e', 'd714e299-7255-4320-8963-f6f12b5adfd1'),
('18a7a854-46ca-4932-bbcc-0164df18356e', 'df89bca5-afb9-4005-a413-a4debff7fff6'),
('18a7a854-46ca-4932-bbcc-0164df18356e', 'e67a04c0-d4fa-461d-8905-f79ced1aa303'),
('18a7a854-46ca-4932-bbcc-0164df18356e', 'ea8bb1e4-503d-4d9a-ab66-f64b2017db6b'),
('18a7a854-46ca-4932-bbcc-0164df18356e', 'f672acae-a95d-48dd-9210-2a248623bc0a'),
('18a7a854-46ca-4932-bbcc-0164df18356e', 'ffa7a776-2001-4388-b396-5ebb3dfb0fce');

-- 
-- Dumping data for table pm_role
--
INSERT INTO pm_role VALUES
('18a7a854-46ca-4932-bbcc-0164df18356e', '2018-11-12 13:14:27', '2018-11-12 13:14:27', '2018-11-12 13:14:27', NULL, 'admin', NULL, 'c88d1081-db7f-11e8-a0f1-00ffabeb1abf', NULL, NULL),
('c88d1081-db7f-11e8-a0f1-00ffabeb1abf', '2018-10-29 21:37:30', '2018-10-29 21:37:30', '2018-10-29 21:37:30', 'root', 'root', 'root', '', '', '');

-- 
-- Dumping data for table pm_department
--
INSERT INTO pm_department VALUES
('5dbf7528-8999-49df-b2cb-05a2223a879f', NULL, '2018-10-29 15:11:55', '2018-11-01 21:37:39', '测试', '测试', NULL, NULL, 'e4e92c28-f86c-4d91-8184-04a348345c44', NULL),
('618562b9-4fec-494e-8ce5-a9a2866658ed', NULL, '2018-11-13 00:41:20', '2018-11-13 00:41:20', '123123', 'qwe', 'qweqwe', NULL, 'e4e92c28-f86c-4d91-8184-04a348345c44', NULL),
('8578295b-d976-11e8-b488-00ffabeb1abf', NULL, '2018-10-27 07:24:40', '2018-10-27 23:18:30', '开发', '开发', NULL, '开发', 'e4e92c28-f86c-4d91-8184-04a348345c44', NULL),
('cfa1a578-07f1-4c8f-922e-8cc81fa172f2', NULL, '2018-11-01 21:37:47', '2018-11-01 21:37:47', '123123', '132123', '12312313', NULL, '8578295b-d976-11e8-b488-00ffabeb1abf', NULL),
('e4e92c28-f86c-4d91-8184-04a348345c44', NULL, '2018-10-27 07:24:40', '2018-10-27 07:24:40', 'root', 'root', NULL, 'root', '0', NULL);

-- 
-- Dumping data for table pm_authority
--
INSERT INTO pm_authority VALUES
('017ac6f3-9774-48ea-97ea-4f0f46226fa0', '2018-11-16 23:56:09', '2018-11-16 23:56:09', '2018-11-16 23:56:09', 'swaggerResources', NULL, NULL, '002', '/swagger-resources', '6a9e91c8-7a2c-4385-b3d1-0e8404a295f1', 1, 0, 'server.apiResourceController.swaggerResources'),
('09730be0-9151-4560-a917-62631258d9e1', '2018-11-16 23:56:09', '2018-11-16 23:56:09', '2018-11-16 23:56:09', 'paramController', NULL, NULL, '002', NULL, '82ef8fae-598b-4a15-9dbb-c9c217d09207', 1, 0, 'server.paramController'),
('0f52fa54-2074-489b-b013-91af6e26accc', '2018-11-16 23:56:09', '2018-11-16 23:56:09', '2018-11-16 23:56:09', 'getAll', NULL, NULL, '002', '/role/getAll', 'e67a04c0-d4fa-461d-8905-f79ced1aa303', 1, 0, 'server.roleController.getAll'),
('17132b3e-4191-48ca-9577-b88d5519a0b0', '2018-11-16 23:56:09', '2018-11-16 23:56:09', '2018-11-16 23:56:09', 'adminController', NULL, NULL, '004', NULL, '82ef8fae-598b-4a15-9dbb-c9c217d09207', 1, 0, 'server.adminController'),
('1cd6f8b0-2342-4e04-8918-f9c0c1191ecf', '2018-11-16 23:56:09', '2018-11-16 23:56:09', '2018-11-16 23:56:09', 'getListByRoleId', NULL, NULL, '002', '/authority/getListByRoleId', 'c997124e-a32d-43ff-b2ad-e2ae5d1ba324', 1, 0, 'server.authorityController.getListByRoleId'),
('29e0587e-5c9b-4099-b7ca-10388ca03d74', '2018-11-16 23:56:09', '2018-11-16 23:56:09', '2018-11-16 23:56:09', 'getById', NULL, NULL, '004', '/role/getById', 'e67a04c0-d4fa-461d-8905-f79ced1aa303', 1, 0, 'server.roleController.getById'),
('3a01625a-67c8-4b6a-880c-a5e678226063', '2018-11-16 23:56:09', '2018-11-16 23:56:09', '2018-11-16 23:56:09', 'getAuthorityTypeList', NULL, NULL, '002', '/param/getAuthorityTypeList', '09730be0-9151-4560-a917-62631258d9e1', 1, 0, 'server.paramController.getAuthorityTypeList'),
('3dd567d8-e001-461c-9698-34ef62c74274', '2018-11-16 23:56:09', '2018-11-16 23:56:09', '2018-11-16 23:56:09', 'errorHtml', NULL, NULL, '002', '/error', '8a759fae-157e-47a5-9966-97b3aef8538e', 1, 0, 'server.basicErrorController.errorHtml'),
('46d6bc7e-cdd5-4c06-a6e7-f78a70fd5034', '2018-11-16 23:56:09', '2018-11-16 23:56:09', '2018-11-16 23:56:09', 'update', NULL, NULL, '004', '/authority/update', 'c997124e-a32d-43ff-b2ad-e2ae5d1ba324', 1, 0, 'server.authorityController.update'),
('4bd723c6-756e-4003-9f5b-4164934f73b0', '2018-11-15 14:04:52', '2018-11-15 14:09:40', '2018-11-15 14:09:40', 'client', '前端权限根路径', NULL, '004', NULL, '643460eb-db83-11e8-a0f1-00ffabeb1abf', 3, 0, 'client'),
('4d8a46d3-da43-4d47-aada-60d1c94c4f92', '2018-11-16 23:56:09', '2018-11-16 23:56:09', '2018-11-16 23:56:09', 'departmentDataSecurity', NULL, NULL, '002', NULL, '52fa328f-7eb2-4c82-821e-9edb244f4b70', 1, 0, 'server.departmentController.getAll.departmentDataSecurity'),
('4fc02907-ce16-431a-8130-9bddee439073', '2018-11-16 23:56:09', '2018-11-16 23:56:09', '2018-11-16 23:56:09', 'getList', NULL, NULL, '002', '/department/getList', '5e42dc08-eefd-482d-8696-dfb2091679e5', 1, 0, 'server.departmentController.getList'),
('5297fa36-0af7-4904-9db9-84de48984599', '2018-11-16 23:56:09', '2018-11-16 23:56:09', '2018-11-16 23:56:09', 'getById', NULL, NULL, '004', '/department/getById', '5e42dc08-eefd-482d-8696-dfb2091679e5', 1, 0, 'server.departmentController.getById'),
('52fa328f-7eb2-4c82-821e-9edb244f4b70', '2018-11-16 23:56:09', '2018-11-16 23:56:09', '2018-11-16 23:56:09', 'getAll', NULL, NULL, '006', '/department/getAll', '5e42dc08-eefd-482d-8696-dfb2091679e5', 1, 0, 'server.departmentController.getAll'),
('5641f95b-45c1-43e8-aeea-4264a06998f9', '2018-11-16 23:56:09', '2018-11-16 23:56:09', '2018-11-16 23:56:09', 'getList', NULL, NULL, '006', '/role/getList', 'e67a04c0-d4fa-461d-8905-f79ced1aa303', 1, 0, 'server.roleController.getList'),
('5756509c-01f5-4ea5-aae5-89313cb5f96b', '2018-11-16 23:56:09', '2018-11-16 23:56:09', '2018-11-16 23:56:09', 'updateUserAndRole', NULL, NULL, '002', '/user/updateUserAndRole', 'bc2398b1-244d-4fe0-8e34-c3be7e387c2f', 1, 0, 'server.userController.updateUserAndRole'),
('5af6f893-2327-4743-8a3a-920778ddde3b', '2018-11-16 23:56:09', '2018-11-16 23:56:09', '2018-11-16 23:56:09', 'getAll', NULL, NULL, '006', '/authority/getAll', 'c997124e-a32d-43ff-b2ad-e2ae5d1ba324', 1, 0, 'server.authorityController.getAll'),
('5d7e3376-c22b-418a-b796-f2ffa4771ab4', '2018-11-16 23:56:09', '2018-11-16 23:56:09', '2018-11-16 23:56:09', 'uiConfiguration', NULL, NULL, '004', '/swagger-resources/configuration/ui', '6a9e91c8-7a2c-4385-b3d1-0e8404a295f1', 1, 0, 'server.apiResourceController.uiConfiguration'),
('5e42dc08-eefd-482d-8696-dfb2091679e5', '2018-11-16 23:56:09', '2018-11-16 23:56:09', '2018-11-16 23:56:09', 'departmentController', NULL, NULL, '006', NULL, '82ef8fae-598b-4a15-9dbb-c9c217d09207', 1, 0, 'server.departmentController'),
('610591f5-1d10-4a49-9066-056cc91c060f', '2018-11-16 23:56:09', '2018-11-16 23:56:09', '2018-11-16 23:56:09', 'generateServerAuthority', NULL, NULL, '008', '/authority/generateServerAuthority', 'c997124e-a32d-43ff-b2ad-e2ae5d1ba324', 1, 0, 'server.authorityController.generateServerAuthority'),
('643460eb-db83-11e8-a0f1-00ffabeb1abf', '2018-10-29 22:03:20', '2018-10-29 22:03:20', '2018-11-12 15:58:29', 'root', 'root', 'root', '', '', '', NULL, 0, ''),
('65421d90-d57a-4770-9cfd-c08b3d09c9ed', '2018-11-16 23:56:09', '2018-11-16 23:56:09', '2018-11-16 23:56:09', 'updateRoleAndAuthority', NULL, NULL, '008', '/role/updateRoleAndAuthority', 'e67a04c0-d4fa-461d-8905-f79ced1aa303', 1, 0, 'server.roleController.updateRoleAndAuthority'),
('68dba0d5-c3a0-4b67-8385-df37c73f1ad6', '2018-11-16 23:56:09', '2018-11-16 23:56:09', '2018-11-16 23:56:09', 'getListByUserId', NULL, NULL, '010', '/role/getListByUserId', 'e67a04c0-d4fa-461d-8905-f79ced1aa303', 1, 0, 'server.roleController.getListByUserId'),
('6a9e91c8-7a2c-4385-b3d1-0e8404a295f1', '2018-11-16 23:56:09', '2018-11-16 23:56:09', '2018-11-16 23:56:09', 'apiResourceController', NULL, NULL, '008', NULL, '82ef8fae-598b-4a15-9dbb-c9c217d09207', 1, 0, 'server.apiResourceController'),
('6abc9ef3-aeab-41ea-afd0-80502186cbc3', '2018-11-16 23:56:09', '2018-11-16 23:56:09', '2018-11-16 23:56:09', 'getList', NULL, NULL, '004', '/user/getList', 'bc2398b1-244d-4fe0-8e34-c3be7e387c2f', 1, 0, 'server.userController.getList'),
('7de7fdc3-53af-457f-91e2-adfdb7820e3c', '2018-11-16 23:56:09', '2018-11-16 23:56:09', '2018-11-16 23:56:09', 'getById', NULL, NULL, '010', '/authority/getById', 'c997124e-a32d-43ff-b2ad-e2ae5d1ba324', 1, 0, 'server.authorityController.getById'),
('813b6465-b668-4f2f-a3c9-db23b6c64499', '2018-11-16 23:56:09', '2018-11-16 23:56:09', '2018-11-16 23:56:09', 'delete', NULL, NULL, '006', '/user/delete', 'bc2398b1-244d-4fe0-8e34-c3be7e387c2f', 1, 0, 'server.userController.delete'),
('82ef8fae-598b-4a15-9dbb-c9c217d09207', '2018-11-12 22:28:14', '2018-11-15 14:09:35', '2018-11-15 14:09:34', 'server', '后端权限根路径', NULL, '002', NULL, '643460eb-db83-11e8-a0f1-00ffabeb1abf', 3, 0, 'server'),
('8322a9d8-3476-4234-9bba-2f9e9b0c53de', '2018-11-16 23:56:09', '2018-11-16 23:56:09', '2018-11-16 23:56:09', 'update', NULL, NULL, '008', '/department/update', '5e42dc08-eefd-482d-8696-dfb2091679e5', 1, 0, 'server.departmentController.update'),
('8393271f-8f9b-4952-b484-2c4a4c36e571', '2018-11-16 23:56:09', '2018-11-16 23:56:09', '2018-11-16 23:56:09', 'update', NULL, NULL, '012', '/role/update', 'e67a04c0-d4fa-461d-8905-f79ced1aa303', 1, 0, 'server.roleController.update'),
('8a759fae-157e-47a5-9966-97b3aef8538e', '2018-11-16 23:56:09', '2018-11-16 23:56:09', '2018-11-16 23:56:09', 'basicErrorController', NULL, NULL, '010', NULL, '82ef8fae-598b-4a15-9dbb-c9c217d09207', 1, 0, 'server.basicErrorController'),
('8cf80e66-2d01-4d0d-9e1e-08aa403f5bfc', '2018-11-16 23:56:09', '2018-11-16 23:56:09', '2018-11-16 23:56:09', 'securityConfiguration', NULL, NULL, '006', '/swagger-resources/configuration/security', '6a9e91c8-7a2c-4385-b3d1-0e8404a295f1', 1, 0, 'server.apiResourceController.securityConfiguration'),
('8db92033-cb5c-4220-8372-dceb16f49894', '2018-11-16 23:56:09', '2018-11-16 23:56:09', '2018-11-16 23:56:09', 'create', NULL, NULL, '014', '/role/create', 'e67a04c0-d4fa-461d-8905-f79ced1aa303', 1, 0, 'server.roleController.create'),
('8ff89a81-f9cc-4bea-b07e-c1667fcdd65b', '2018-11-16 23:56:09', '2018-11-16 23:56:09', '2018-11-16 23:56:09', 'update', NULL, NULL, '008', '/user/update', 'bc2398b1-244d-4fe0-8e34-c3be7e387c2f', 1, 0, 'server.userController.update'),
('9ebb3125-d565-4bde-812e-1ebdba6c25cd', '2018-11-16 23:56:09', '2018-11-16 23:56:09', '2018-11-16 23:56:09', 'delete', NULL, NULL, '016', '/role/delete', 'e67a04c0-d4fa-461d-8905-f79ced1aa303', 1, 0, 'server.roleController.delete'),
('aeb9f5a2-c47b-4326-a0b0-c4b203668320', '2018-11-16 23:56:09', '2018-11-16 23:56:09', '2018-11-16 23:56:09', 'delete', NULL, NULL, '012', '/authority/delete', 'c997124e-a32d-43ff-b2ad-e2ae5d1ba324', 1, 0, 'server.authorityController.delete'),
('b26f1963-666e-47f8-9030-254916341ff3', '2018-11-16 23:56:09', '2018-11-16 23:56:09', '2018-11-16 23:56:09', 'create', NULL, NULL, '010', '/user/create', 'bc2398b1-244d-4fe0-8e34-c3be7e387c2f', 1, 0, 'server.userController.create'),
('b918509c-ee8f-406e-8666-d33fef14400a', '2018-11-16 23:56:09', '2018-11-16 23:56:09', '2018-11-16 23:56:09', 'create', NULL, NULL, '014', '/authority/create', 'c997124e-a32d-43ff-b2ad-e2ae5d1ba324', 1, 0, 'server.authorityController.create'),
('bc2398b1-244d-4fe0-8e34-c3be7e387c2f', '2018-11-16 23:56:09', '2018-11-16 23:56:09', '2018-11-16 23:56:09', 'userController', NULL, NULL, '012', NULL, '82ef8fae-598b-4a15-9dbb-c9c217d09207', 1, 0, 'server.userController'),
('c71e60a2-930b-4057-a9f7-d697fdf7bc21', '2018-11-16 23:56:09', '2018-11-16 23:56:09', '2018-11-16 23:56:09', 'create', NULL, NULL, '010', '/department/create', '5e42dc08-eefd-482d-8696-dfb2091679e5', 1, 0, 'server.departmentController.create'),
('c997124e-a32d-43ff-b2ad-e2ae5d1ba324', '2018-11-16 23:56:09', '2018-11-16 23:56:09', '2018-11-16 23:56:09', 'authorityController', NULL, NULL, '014', NULL, '82ef8fae-598b-4a15-9dbb-c9c217d09207', 1, 0, 'server.authorityController'),
('d714e299-7255-4320-8963-f6f12b5adfd1', '2018-11-16 23:56:09', '2018-11-16 23:56:09', '2018-11-16 23:56:09', 'getControllerList', NULL, NULL, '002', '/admin/getControllerMethodList', '17132b3e-4191-48ca-9577-b88d5519a0b0', 1, 0, 'server.adminController.getControllerList'),
('df89bca5-afb9-4005-a413-a4debff7fff6', '2018-11-16 23:56:09', '2018-11-16 23:56:09', '2018-11-16 23:56:09', 'delete', NULL, NULL, '012', '/department/delete', '5e42dc08-eefd-482d-8696-dfb2091679e5', 1, 0, 'server.departmentController.delete'),
('e67a04c0-d4fa-461d-8905-f79ced1aa303', '2018-11-16 23:56:09', '2018-11-16 23:56:09', '2018-11-16 23:56:09', 'roleController', NULL, NULL, '016', NULL, '82ef8fae-598b-4a15-9dbb-c9c217d09207', 1, 0, 'server.roleController'),
('ea8bb1e4-503d-4d9a-ab66-f64b2017db6b', '2018-11-16 23:56:09', '2018-11-16 23:56:09', '2018-11-16 23:56:09', 'getList', NULL, NULL, '016', '/authority/getList', 'c997124e-a32d-43ff-b2ad-e2ae5d1ba324', 1, 0, 'server.authorityController.getList'),
('f672acae-a95d-48dd-9210-2a248623bc0a', '2018-11-16 23:56:09', '2018-11-16 23:56:09', '2018-11-16 23:56:09', 'getById', NULL, NULL, '012', '/user/getById', 'bc2398b1-244d-4fe0-8e34-c3be7e387c2f', 1, 0, 'server.userController.getById'),
('ffa7a776-2001-4388-b396-5ebb3dfb0fce', '2018-11-16 23:56:09', '2018-11-16 23:56:09', '2018-11-16 23:56:09', 'error', NULL, NULL, '004', '/error', '8a759fae-157e-47a5-9966-97b3aef8538e', 1, 0, 'server.basicErrorController.error');

-- 
-- Dumping data for table param_authority_type
--
INSERT INTO param_authority_type VALUES
(1, '服务器端权限', 1, NULL, 1),
(2, '客户端权限', 2, NULL, 0),
(3, '权限组', 0, NULL, 0);

-- 
-- Restore previous SQL mode
-- 
/*!40101 SET SQL_MODE=@OLD_SQL_MODE */;

-- 
-- Enable foreign keys
-- 
/*!40014 SET FOREIGN_KEY_CHECKS = @OLD_FOREIGN_KEY_CHECKS */;